Name_Ecosystem;Name_Ecosystem_new;Continent;Lat;Long;TotalHerbivoreBiomass_kgkm2;20kg_TotalHerbivoreBiomass_kgkm2;Year;Megafauna;Wolf_exploited;Livestock;Migrating_ecosystems;Source;Original_references;Note
Akagera National Park;Akagera;Africa;-1.6280468;30.7620862;10895;NA;NA;NA;NA;0;NA;Rodriguez et al. 2014;Montfort_(1972);Not included in Hatton, estimates from ground count
Amboseli_Game_Reserve;Ambolesi;Africa;-2.39;37.15;7804;NA;;NA;NA;3483;NA;Rodriguez et al. 2014;"Western_(1973);Coe_et_al._(1976)";Not included in Hatton. Coe is one of the references, but livestock added.
Amboseli National Park Kenya;Ambolesi;Africa;-2.6787;37.29793;14191.80128;14157.27103;2007;7077.179487;0;NA;NA;Hatton et al. 2014;Please see Hatton et al. 2014 for the full list of references;
Arli National Park;Arli;Africa;11.57;1.41;2000;NA;;NA;NA;0;NA;Rodriguez et al. 2014;"Milligan_et_al._(1982);_Payne_and_Andau_(1991)";Not included in Hatton
Borgu National Park (Kainji Lake);Borgu;Africa;10.07;4.12;1200;NA;;NA;NA;0;NA;Rodriguez et al. 2014;Milligan_et_al._(1982);Not included in Hatton
Samburu--Isiolo;Buffalo Springs;Africa;0.5293964;37.559285;2018;NA;;NA;NA;0;NA;Rodriguez et al. 2014;Coe_et_al._(1976);Not included in Hatton. (well, yes, but not included in the data we use from Hatton)
Bunyoro_North;Bunyoro;Africa;1.57;31.3;13261;NA;1969;NA;NA;0;NA;Rodriguez et al. 2014;"Laws_(1970);_Coe_et_al._(1976)";Not included in Hatton
Chobe NationalPark;Chobe;Africa;41;24.08;3000;NA;;NA;NA;0;NA;Rodriguez et al. 2014;Viljoen_(1993);Excluded. Included in Hatton. GPS coordinates were wrong and moved to Botswana.
Savuti area of Chobe National Park Botswana;Chobe;Africa;-18.8657722;24.0790636;3552.233333;3552.05;1991;3340;0;NA;NA;Hatton et al. 2014;Please see Hatton et al. 2014 for the full list of references;
Savuti area of Chobe National Park Botswana;Chobe;Africa;-18.8605935;24.0790638;5155.523333;5155.34;1991;3137.5;0;NA;NA;Hatton et al. 2014;Please see Hatton et al. 2014 for the full list of references;
Etosha National Park Namibia;Etosha;Africa;-19.2201099;16.6581636;161.2723851;157.0810811;1926;2.830405405;0;NA;NA;Hatton et al. 2014;Please see Hatton et al. 2014 for the full list of references;
Etosha National Park Namibia;Etosha;Africa;-19.2174937;16.6581669;650.8015356;650.7332924;1998;411.7045455;0;NA;NA;Hatton et al. 2014;Please see Hatton et al. 2014 for the full list of references;
Gonarezhou National Park Zimbabwe;Gonarezhou;Africa;-21.6102771;31.9101512;5646.89527;5645.594103;2009;5166.554522;0;NA;NA;Hatton et al. 2014;Please see Hatton et al. 2014 for the full list of references;
Henderson's_ranch;Henderson's Ranch;Africa;-22.04;29.42;2869;NA;;NA;NA;0;NA;Rodriguez et al. 2014;Coe_et_al._(1976);Excluded. Meat production game reserve. Cannot confirm location as we have no access to original source.
Hluhluwe iMfolozi National Park South Africa;Hluhluwe iMfolozi;Africa;-28.2755;31.92024;5940.644792;5906.623958;1982;2434.53125;0;NA;NA;Hatton et al. 2014;Please see Hatton et al. 2014 for the full list of references;
Hluhluwe iMfolozi National Park South Africa;Hluhluwe iMfolozi;Africa;-28.2755;31.92024;9244.316864;9208.040822;2000;3948.776076;0;NA;NA;Hatton et al. 2014;Please see Hatton et al. 2014 for the full list of references;
Umfolosi;Hluhluwe iMfolozi;Africa;-28.29;31.8;8016;NA;;NA;NA;0;NA;Rodriguez et al. 2014;Mentis_(1970);Not included in Hatton
Hwange National Park;Hwange;Africa;-19;26.5;7211;NA;;NA;NA;0;NA;Rodriguez et al. 2014;Valeix_et_al._(2007);Not included in Hatton
Hwange National Park Zimbabwe;Hwange;Africa;-19.07831;26.55631;2665.747084;2664.676066;1973;2057.410591;0;NA;NA;Hatton et al. 2014;Please see Hatton et al. 2014 for the full list of references;
Hwange National Park Zimbabwe;Hwange;Africa;-19.07831;26.55631;2888.67033;2881.98826;1996;2472.288581;0;NA;NA;Hatton et al. 2014;Please see Hatton et al. 2014 for the full list of references;
Kalahari National Park South Africa;Kalahari;Africa;-25.73231;20.3878;257.8855578;257.8855578;1979;0;0;NA;NA;Hatton et al. 2014;Please see Hatton et al. 2014 for the full list of references;Excluded. Does not include migrating species.
Kalahari National Park South Africa;Kalahari;Africa;-25.73231;20.3878;730.4938478;730.4938478;NA;0;0;NA;1;Hatton et al. 2014;Please see Hatton et al. 2014 for the full list of references;Not adjusted for the months the migratory species are not in the ecosystem, because it is an average over several years and we don't know the time of year.
Kaputei Plains;Kaputei Plains;Africa;-1.74;36.91;21335;NA;;NA;NA;12200;NA;Rodriguez et al. 2014;Owaga_(1980);Not included in Hatton. (well, yes, but not included in the data we use from Hatton because only the total biomass was given in East 1984 and not per species)
Virungas;Karisoke;Africa;-1.48;29.48;3100;NA;;NA;NA;0;NA;Rodriguez et al. 2014;Plumptre_and_Harris_(1995);Not included in Hatton
Katavi National Park;Katavi;Africa;-6.82;31.04;23000;NA;;NA;NA;0;NA;Rodriguez et al. 2014;Caro_(1999);Not included in Hatton
Katavi National Park;Katavi;Africa;-6.88103;31.22165;7763.332693;7739.801168;2009;4967.602214;0;NA;NA;Hatton et al. 2014;Please see Hatton et al. 2014 for the full list of references;
Kibale National Park;Kibale;Africa;0.47;30.4;2600;NA;;NA;NA;0;NA;Rodriguez et al. 2014;Wanyama_et_al._(2010);Not included in Hatton
Kidepo Valley National Park Uganda;Kidepo;Africa;3.8782;33.78401;2191.274619;2187.812067;2009;765.9500693;0;NA;NA;Hatton et al. 2014;Please see Hatton et al. 2014 for the full list of references;
Kruger_National_Park,_Northern_section;Kruger;Africa;-23.31;31.27;984;NA;;NA;NA;0;NA;Rodriguez et al. 2014;Coe_et_al._(1976);Not included in Hatton. (well, yes, but not included in the data we use from Hatton because only the total biomass was given in East 1984 and not per species)
Kruger_National_Park,_Southern_section;Kruger;Africa;-24.2936198;31.6881929;3783;NA;;NA;NA;0;NA;Rodriguez et al. 2014;Coe_et_al._(1976);Not included in Hatton. (well, yes, but not included in the data we use from Hatton because only the total biomass was given in East 1984 and not per species)
Kruger National Park South Africa;Kruger;Africa;-23.98913;31.58213;1876.192796;1872.095687;1964;678.5718047;0;NA;NA;Hatton et al. 2014;Please see Hatton et al. 2014 for the full list of references;
Kruger National Park South Africa;Kruger;Africa;-23.98913;31.58213;2948.271894;2944.423087;1975;1519.27695;0;NA;NA;Hatton et al. 2014;Please see Hatton et al. 2014 for the full list of references;
Kruger National Park South Africa;Kruger;Africa;-23.98913;31.58213;3342.759229;3338.910422;1984;1723.995471;0;NA;NA;Hatton et al. 2014;Please see Hatton et al. 2014 for the full list of references;
Kruger National Park South Africa;Kruger;Africa;-23.98913;31.58213;2954.267997;2950.41919;1997;1748.567592;0;NA;NA;Hatton et al. 2014;Please see Hatton et al. 2014 for the full list of references;
Kruger National Park South Africa;Kruger;Africa;-23.98913;31.58213;3890.867186;3887.018379;2009;2534.704302;0;NA;NA;Hatton et al. 2014;Please see Hatton et al. 2014 for the full list of references;
Nwaswitshaka River, Kruger NP, South Africa;Kruger;Africa;-25.139977;31.62167;3912.975309;3870.364198;1975;403.0864198;0;NA;NA;Hatton et al. 2014;Please see Hatton et al. 2014 for the full list of references;GPS-position moved further South
Sabie River Kruger NP South Africa;Kruger;Africa;-24.968251;31.506707;9075.247059;8859.429412;1975;2144.411765;0;NA;NA;Hatton et al. 2014;Please see Hatton et al. 2014 for the full list of references;GPS-position moved north-west.
Kuiseb River area Namib Desert;Kuiseb;Africa;-23.6;15.2;131;NA;;NA;NA;0;NA;Rodriguez et al. 2014;Tilson_and_Henschel_(1980);Not included in Hatton.
Manyara National Park;Lake Manyara;Africa;-3.47;35.78;15288;NA;;NA;NA;0;NA;Rodriguez et al. 2014;Prins_and_Douglas-Hamilton_(1990);Not included in Hatton
Lake Manyara National Park Tanzania;Lake Manyara;Africa;-3.5360207;35.7396221;27624.15476;27552.72619;1970;17453.57143;0;NA;NA;Hatton et al. 2014;Please see Hatton et al. 2014 for the full list of references;
Lake Manyara National Park Tanzania;Lake Manyara;Africa;-3.5360207;35.7403088;11948.36364;11880.18182;1992;5965;0;NA;NA;Hatton et al. 2014;Please see Hatton et al. 2014 for the full list of references;
Lake Mburu National Park;Lake Mburu;Africa;-0.6;30.95;18402;NA;;NA;NA;9738;NA;Rodriguez et al. 2014;Rannestad_et_al._(2006);Not included in Hatton.
Lake_Rudolf_(East);Lake Turkana;Africa;3.33;36.59;405;NA;;NA;NA;0;NA;Rodriguez et al. 2014;Coe_et_al._(1976);Excluded. Because the area is only 200 m wide. Not included in Hatton
Lloldaiga Hills;Lloldaiga;Africa;0.15;37.12;8020;NA;;NA;NA;6512;NA;Rodriguez et al. 2014;Mizutani_(1999);Not included in Hatton
Petit Loango;Loango;Africa;-2.0897308;9.6298257;3288;NA;;NA;NA;0;NA;Rodriguez et al. 2014;Morgan_(2007);Not included in Hatton. Biomass adjusted to include primate biomass from the original reference.
Rabi Koumaga;Loango;Africa;-2;9.78;1050;NA;;NA;NA;0;NA;Rodriguez et al. 2014;Prins_and_Reitsman_(1989);Not included in Hatton. Biomass adjusted to include primate biomass from the original reference.
Lochinvar_ranch;Lochinvar Ranch;Africa;-15.9169824;27.2498692;7568;NA;;NA;NA;0;NA;Rodriguez et al. 2014;Coe_et_al._(1976);Not included in Hatton
Lopé;Lopé;Africa;-0.5087362;11.5506372;3099;NA;;NA;NA;0;NA;Rodriguez et al. 2014;"White_(1994);_Morgan_(2007)";Not included in Hatton. Biomass adjusted to include primate biomass from the original reference.
Luangwa Valley;Luangwa;Africa;-12.68;31.65;8555;NA;;NA;NA;0;NA;Rodriguez et al. 2014;East_(1984);Not included in Hatton
Marahoué;Marahoué;Africa;7.0904411;-6.0277161;1478;NA;;NA;NA;0;NA;Rodriguez et al. 2014;"Hoppe-Dominik_(1989);_Bodendorfer_et_al._(2006)";Not included in Hatton
Masai Mara National Reserve Kenya;Masai Mara;Africa;-1.51151;35.09316;6916.978443;6767.647904;1992;2053.982036;0;NA;NA;Hatton et al. 2014;Please see Hatton et al. 2014 for the full list of references;Excluded. Because it does not include migrating species
Masai Mara National Reserve Kenya;Masai Mara;Africa;-1.51151;35.09316;6118.388853;5723.222933;2003;2189.746667;0;NA;NA;Hatton et al. 2014;Please see Hatton et al. 2014 for the full list of references;Excluded. Because it does not include migrating species
Masai Mara National Reserve Kenya;Masai Mara;Africa;-1.51151;35.09316;14237.03832;14087.70778;1992;2053.982036;0;NA;1;Hatton et al. 2014;Please see Hatton et al. 2014 for the full list of references;"Migratory; values for migrating zebra and wildebeest from Hatton is multiplied with 6/12 and 3/12, respectively (reflecting the time of year they stay in Mara) Broten and Said 1995 in Sinclair 1995 p. 182"
Masai Mara National Reserve Kenya;Masai Mara;Africa;-1.51151;35.09316;12056.33139;11661.16547;2003;2165.08;0;NA;1;Hatton et al. 2014;Please see Hatton et al. 2014 for the full list of references;"Migratory; values for migrating zebra and wildebeest from Hatton is multiplied with 6/12 and 3/12, respectively (reflecting the time of year they stay in Mara) Broten and Said 1995 in Sinclair 1995 p. 182"
Masai Mara;Masai Mara;Africa;-1.44;35.07;14676;NA;;NA;NA;0;NA;Rodriguez et al. 2014;Bhola_et_al._(2012);Not included in Hatton
Mkomasi_Game_Reserve;Mkomasi;Africa;-4.16;38.28;1731;NA;;NA;NA;0;NA;Rodriguez et al. 2014;Coe_et_al._(1976);Not included in Hatton
Mkomazi Game Reserve Tanzania;Mkomasi;Africa;-4.18676;38.27582;768.5208012;765.4391371;1970;503.0816641;0;NA;NA;Hatton et al. 2014;Please see Hatton et al. 2014 for the full list of references;
Mkomazi Game Reserve Tanzania;Mkomasi;Africa;-4.18676;38.27582;2967.241911;2964.160247;1970;2660.246533;0;NA;NA;Hatton et al. 2014;Please see Hatton et al. 2014 for the full list of references;
Nairobi National Park;Nairobi;Africa;-1.37;36.85;5534;NA;;NA;NA;159;NA;Rodriguez et al. 2014;Foster_and_Coe_(1968);Not included in Hatton.
Nairobi National Park Kenya;Nairobi;Africa;-1.37;36.85;3804.72459;3679.188525;1966;533.6065574;0;NA;NA;Hatton et al. 2014;Please see Hatton et al. 2014 for the full list of references;GPS positions moved from Lake Victoria to Nairobi NP
Nairobi National Park Kenya;Nairobi;Africa;-1.37;36.85;4051.913889;3961.147222;1976;393.75;0;NA;NA;Hatton et al. 2014;Please see Hatton et al. 2014 for the full list of references;GPS positions moved from Lake Victoria to Nairobi NP
Nairobi National Park Kenya;Nairobi;Africa;-1.37;36.85;3361.196581;3288.017094;2002;683.7606838;0;NA;NA;Hatton et al. 2014;Please see Hatton et al. 2014 for the full list of references;GPS positions moved from Lake Victoria to Nairobi NP
Lake_Nakuru_National_Park;Nakuru;Africa;-0.4436447;36.0978964;6688;NA;;NA;NA;0;NA;Rodriguez et al. 2014;"Kutilek_(1974);_Coe_et_al._(1976)";GPS positions moved from Lake Victoria to Nakuru NP
Ngorongoro Crater;Ngorongoro;Africa;-3.17;35.57;10982;NA;;NA;NA;495;NA;Rodriguez et al. 2014;Runyoro_et_al._(1995);Excluded. Reference is included in Hatton, but estimates differ. Maybe because Hatton uses additional references (more species?) and/or other weights.
Ngorongoro Crater Tanzania;Ngorongoro;Africa;-3.17037;35.57418;13763.03654;13668.53654;1965;817.2115385;0;NA;NA;Hatton et al. 2014;Please see Hatton et al. 2014 for the full list of references;
Ngorongoro Crater Tanzania;Ngorongoro;Africa;-3.17037;35.57418;15856.42679;15640.08064;1978;609.4230769;0;NA;NA;Hatton et al. 2014;Please see Hatton et al. 2014 for the full list of references;
Ngorongoro Crater Tanzania;Ngorongoro;Africa;-3.17037;35.57418;13675.53654;13361.43654;1988;637.1076923;0;NA;NA;Hatton et al. 2014;Please see Hatton et al. 2014 for the full list of references;
Ngorongoro Crater Tanzania;Ngorongoro;Africa;-3.17037;35.57418;13069.8475;12960.77442;1997;762.0369231;0;NA;NA;Hatton et al. 2014;Please see Hatton et al. 2014 for the full list of references;
Ngorongoro Crater Tanzania;Ngorongoro;Africa;-3.17037;35.57418;13987.04317;13896.3249;2004;762.0369231;0;NA;NA;Hatton et al. 2014;Please see Hatton et al. 2014 for the full list of references;
Okavango Delta;Okavango;Africa;-19.5;23;1079;NA;;NA;NA;0;NA;Rodriguez et al. 2014;Astle_and_Graham_(1976);Not included in Hatton
Okavango Delta Botswana;Okavango;Africa;-19.29805;22.95754;6934.203558;6741.503558;2008;5256.25;0;NA;NA;Hatton et al. 2014;Please see Hatton et al. 2014 for the full list of references;
Pendjari National Park;Pendjari;Africa;11.22;1.54;1118;NA;;NA;NA;0;NA;Rodriguez et al. 2014;Sinsin_et_al._(2002);Corrected from Asian to African continent, XY in GPS position switched.
Pilanesburg National Park South Africa;Pilanesburg;Africa;-25.27219;27.04145;3187.964;3186.04;2000;851.7;0;NA;NA;Hatton et al. 2014;Please see Hatton et al. 2014 for the full list of references;
Ruaha National Park;Ruaha;Africa;-7.58;34.57;5209;NA;;NA;NA;0;NA;Rodriguez et al. 2014;Barnes_and_Douglas-Hamilton_(1982);Not included in Hatton.
Rungwa and Kizigo Game Reserves;Rungwa;Africa;-6.97;34.1;2558;NA;;NA;NA;0;NA;Rodriguez et al. 2014;Barnes_and_Douglas-Hamilton_(1982);Not included in Hatton.
Rwenzori National Park;Rwenzori;Africa;-0.09;29.91;18300;NA;1970;NA;NA;0;NA;Rodriguez et al. 2014;Field_and_Laws_(1970);Not included in Hatton.
Queen Elizabeth National Park Uganda;Rwenzori;Africa;-0.2209;29.97193;11822.51668;11480.75733;2009;9066.734075;0;NA;NA;Hatton et al. 2014;Please see Hatton et al. 2014 for the full list of references;
Rwindi_plain_Albert_National_Park;Rwindi Plain;Africa;-0.78;29.29;17448;NA;;NA;NA;0;NA;Rodriguez et al. 2014;Coe_et_al._(1976);Not included in Hatton.
Saint Floris National Park;Saint Floris;Africa;9.07;21.25;4032;NA;;NA;NA;0;NA;Rodriguez et al. 2014;Milligan_et_al._(1982);Not included in Hatton.
Selous;Selous;Africa;-8.65;37.2;8975;NA;;NA;NA;0;NA;Rodriguez et al. 2014;East_(1984);Not included in Hatton
Selous Game Reserve Tanzania;Selous;Africa;-8.81302;37.43584;5069.655206;5067.886765;1994;2990.372714;0;NA;NA;Hatton et al. 2014;Please see Hatton et al. 2014 for the full list of references;
Sengwa_Wildlife_Research_Area;Sengwa;Africa;-18.1;28.14;4315;NA;;NA;NA;0;NA;Rodriguez et al. 2014;Coe_et_al._(1976);Not included in Hatton
Serengeti ecosystem Tanzania;Serengeti;Africa;-2.39231;34.88412;2761.723382;2724.038507;1971;741.6;0;NA;NA;Hatton et al. 2014;Please see Hatton et al. 2014 for the full list of references;Excluded. Does not include migrant species
Serengeti ecosystem Tanzania;Serengeti;Africa;-2.39231;34.88412;3852.751987;3818.046087;1977;967.6;0;NA;NA;Hatton et al. 2014;Please see Hatton et al. 2014 for the full list of references;Excluded. Does not include migrant species
Serengeti ecosystem Tanzania;Serengeti;Africa;-2.39231;34.88412;2820.979358;2800.407107;1986;620.704;0;NA;NA;Hatton et al. 2014;Please see Hatton et al. 2014 for the full list of references;Excluded. Does not include migrant species
Serengeti ecosystem Tanzania;Serengeti;Africa;-2.39231;34.88412;2548.936468;2522.448035;1993;548.44;0;NA;NA;Hatton et al. 2014;Please see Hatton et al. 2014 for the full list of references;Excluded. Does not include migrant species
Serengeti ecosystem Tanzania;Serengeti;Africa;-2.39231;34.88412;2392.857912;2368.346967;2003;708.24;0;NA;NA;Hatton et al. 2014;Please see Hatton et al. 2014 for the full list of references;Excluded. Does not include migrant species
Serengeti ecosystem Tanzania;Serengeti;Africa;-2.39231;34.88412;4780.57643;4302.25251;1971;741.6;0;NA;1;Hatton et al. 2014;Please see Hatton et al. 2014 for the full list of references;"Migratory; values for migrating zebra and wildebeest from Hatton is multiplied with 6/12 and 9/12, respectively (reflecting the time of year they stay in Serengeti). Broten and Said 1995 in Sinclair 1995 p. 182"
Serengeti ecosystem Tanzania;Serengeti;Africa;-2.39231;34.88412;6986.33074;6560.17802;1977;967.6;0;NA;1;Hatton et al. 2014;Please see Hatton et al. 2014 for the full list of references;"Migratory; values for migrating zebra and wildebeest from Hatton is multiplied with 6/12 and 9/12, respectively (reflecting the time of year they stay in Serengeti). Broten and Said 1995 in Sinclair 1995 p. 182"
Serengeti ecosystem Tanzania;Serengeti;Africa;-2.39231;34.88412;5484.384609;5305.756369;1986;620.704;0;NA;1;Hatton et al. 2014;Please see Hatton et al. 2014 for the full list of references;"Migratory; values for migrating zebra and wildebeest from Hatton is multiplied with 6/12 and 9/12, respectively (reflecting the time of year they stay in Serengeti). Broten and Said 1995 in Sinclair 1995 p. 182"
Serengeti ecosystem Tanzania;Serengeti;Africa;-2.39231;34.88412;5325.096361;5042.857241;1993;548.44;0;NA;1;Hatton et al. 2014;Please see Hatton et al. 2014 for the full list of references;"Migratory; values for migrating zebra and wildebeest from Hatton is multiplied with 6/12 and 9/12, respectively (reflecting the time of year they stay in Serengeti). Broten and Said 1995 in Sinclair 1995 p. 182"
Serengeti ecosystem Tanzania;Serengeti;Africa;-2.39231;34.88412;5094.824939;4847.217819;2003;708.24;0;NA;1;Hatton et al. 2014;Please see Hatton et al. 2014 for the full list of references;"Migratory; values for migrating zebra and wildebeest from Hatton is multiplied with 6/12 and 9/12, respectively (reflecting the time of year they stay in Serengeti). Broten and Said 1995 in Sinclair 1995 p. 182"
Serengeti;Serengeti;Africa;-2.76;34.45;11595;NA;;NA;NA;0;NA;Rodriguez et al. 2014;Robinson_and_Bennett_(2004);Not included in Hatton
Sibiloi National Park;Sibiloi;Africa;3.97;36.41;405;NA;;NA;NA;0;NA;Rodriguez et al. 2014;East_(1984);Excluded. Synonymous to Lake Rudolf/Turkana. Not included in Hatton
Simanjiro Plains;Simanjiro;Africa;-4;36.5;8500;NA;;NA;NA;4858;NA;Rodriguez et al. 2014;Kahurananga_(1981);Not included in Hatton. Biomass estimate updated according to original reference.
Tarangire national Park;Tarangire;Africa;-4.04;36.03;1005;NA;;NA;NA;0;NA;Rodriguez et al. 2014;Lamprey_(1964);Excluded. Included in Hatton
Tarangire National Park Tanzania;Tarangire;Africa;-4.15202;36.1115;1946.036839;1941.146762;1962;829.4711824;0;NA;NA;Hatton et al. 2014;Please see Hatton et al. 2014 for the full list of references;
Tarangire National Park Tanzania;Tarangire;Africa;-4.15202;36.1115;320.439691;319.1325015;1962;146.1675579;0;NA;NA;Hatton et al. 2014;Please see Hatton et al. 2014 for the full list of references;
Tarangire National Park Tanzania;Tarangire;Africa;-4.15202;36.1115;5853.32;5841.522105;2000;2090.035088;0;NA;NA;Hatton et al. 2014;Please see Hatton et al. 2014 for the full list of references;
Tsavo_National_Park_(East)_N._of_Voi_River;TsavoN;Africa;-2.5;38.85;4033;NA;;NA;NA;0;NA;Rodriguez et al. 2014;Coe_et_al._(1976);Not inlcuded in Hatton. GPS coordinate updated.
Tsavo_National_Park_(East)_S._of_Voi_River;TsavoS;Africa;-3.5;38.87;4388;NA;;NA;NA;0;NA;Rodriguez et al. 2014;Coe_et_al._(1976);Not included in Hatton.
Willem_Pretorius_Nature_Reserve;Willem Pretorius;Africa;-28.3;27.25;3344;NA;;NA;NA;0;NA;Rodriguez et al. 2014;Coe_et_al._(1976);Not included in Hatton
Bandhavgarh National Park India;Bandhavgarh;Asia;23.7233359;80.9476401;4716.808909;4710.819599;1989;0;0;NA;NA;Hatton et al. 2014;Please see Hatton et al. 2014 for the full list of references;
Bandhavgarh National Park India;Bandhavgarh;Asia;23.7227053;80.9476391;4994.753675;4963.365256;1990;0;0;NA;NA;Hatton et al. 2014;Please see Hatton et al. 2014 for the full list of references;
Bandhavgarh National Park India;Bandhavgarh;Asia;23.7233339;80.9476401;1353.262806;1346.608018;1991;0;0;NA;NA;Hatton et al. 2014;Please see Hatton et al. 2014 for the full list of references;
Bandhavgarh National Park India;Bandhavgarh;Asia;23.7220758;80.9476396;1232.922049;1226.267261;1992;0;0;NA;NA;Hatton et al. 2014;Please see Hatton et al. 2014 for the full list of references;
Bandhavgarh National Park India;Bandhavgarh;Asia;23.7220753;80.9476396;1256.158129;1249.688196;1993;0;0;NA;NA;Hatton et al. 2014;Please see Hatton et al. 2014 for the full list of references;
Bandhavgarh National Park India;Bandhavgarh;Asia;23.7227048;80.9469535;1306.240535;1299.585746;1994;0;0;NA;NA;Hatton et al. 2014;Please see Hatton et al. 2014 for the full list of references;
Bandhavgarh National Park India;Bandhavgarh;Asia;23.7214467;80.9476391;1461.173719;1454.518931;1995;0;0;NA;NA;Hatton et al. 2014;Please see Hatton et al. 2014 for the full list of references;
Bandhavgarh National Park India;Bandhavgarh;Asia;23.7233344;80.9469535;1581.976392;1521.300668;1998;0;0;NA;NA;Hatton et al. 2014;Please see Hatton et al. 2014 for the full list of references;
Bandhavgarh National Park India;Bandhavgarh;Asia;23.7220758;80.9476391;1407.212918;1572.585746;1996;0;0;NA;NA;Hatton et al. 2014;Please see Hatton et al. 2014 for the full list of references;
Bandhavgarh National Park India;Bandhavgarh;Asia;23.7233354;80.9476407;1526.883296;1401.63029;1997;0;0;NA;NA;Hatton et al. 2014;Please see Hatton et al. 2014 for the full list of references;
Bandipur National Park India;Bandipur;Asia;11.76371;76.4517;5164.618202;5152.553933;1991;1;0;NA;NA;Hatton et al. 2014;Please see Hatton et al. 2014 for the full list of references;
Bandipur National Park India;Bandipur;Asia;11.76371;76.4517;9430.910225;9415.678652;1993;1;0;NA;NA;Hatton et al. 2014;Please see Hatton et al. 2014 for the full list of references;
Bandipur National Park India;Bandipur;Asia;11.76371;76.4517;9430.910225;9415.678652;1995;1;0;NA;NA;Hatton et al. 2014;Please see Hatton et al. 2014 for the full list of references;
Bandipur National Park India;Bandipur;Asia;11.76371;76.4517;15074.82472;15074.82472;1997;1;0;NA;NA;Hatton et al. 2014;Please see Hatton et al. 2014 for the full list of references;
Benoue National Park;Benoue;Asia;8.24;13.85;1325;NA;;NA;NA;0;NA;Rodriguez et al. 2014;Stark_(1986);Not included in Hatton
Bhadra Wildlife Sanctuary India;Bhadra;Asia;13.4787;75.6172;1929.962195;1902.674797;1997;1;0;NA;NA;Hatton et al. 2014;Please see Hatton et al. 2014 for the full list of references;
Bharatpur Wildlife Sanctuary;Bharatpur;Asia;27.16;77.52;1550;NA;;NA;NA;0;NA;Rodriguez et al. 2014;Eisenberg_and_Seidensticker_(1976);Not included in Hatton
Biligiri Rangaswamy Temple Wildlife Sanctuary;Biligiri;Asia;11.94;77.13;6423;NA;;NA;NA;0;NA;Rodriguez et al. 2014;Kumara_et_al._(2012);Not included in Hatton
Bori-Satpura Tiger Reserve India;Bori-Satpura;Asia;22.50767;78.27273;1276.114986;1264.583333;1982;0;0;NA;NA;Hatton et al. 2014;Please see Hatton et al. 2014 for the full list of references;
Bori-Satpura Tiger Reserve India;Bori-Satpura;Asia;22.50767;78.27273;970.9704482;964.8326331;1984;0;0;NA;NA;Hatton et al. 2014;Please see Hatton et al. 2014 for the full list of references;
Bori-Satpura Tiger Reserve India;Bori-Satpura;Asia;22.50767;78.27273;1130.709104;1122.560224;1986;0;0;NA;NA;Hatton et al. 2014;Please see Hatton et al. 2014 for the full list of references;
Bori-Satpura Tiger Reserve India;Bori-Satpura;Asia;22.50767;78.27273;1252.57521;1240.845938;1988;0;0;NA;NA;Hatton et al. 2014;Please see Hatton et al. 2014 for the full list of references;
Bori-Satpura Tiger Reserve India;Bori-Satpura;Asia;22.50767;78.27273;1177.216527;1162.313725;1990;0;0;NA;NA;Hatton et al. 2014;Please see Hatton et al. 2014 for the full list of references;
Bori-Satpura Tiger Reserve India;Bori-Satpura;Asia;22.50767;78.27273;1157.131583;1124.537115;1992;0;0;NA;NA;Hatton et al. 2014;Please see Hatton et al. 2014 for the full list of references;
Bori-Satpura Tiger Reserve India;Bori-Satpura;Asia;22.50767;78.27273;1238.052031;1203.791317;1994;0;0;NA;NA;Hatton et al. 2014;Please see Hatton et al. 2014 for the full list of references;
Bori-Satpura Tiger Reserve India;Bori-Satpura;Asia;22.50767;78.27273;1176.27521;1148.053922;1996;0;0;NA;NA;Hatton et al. 2014;Please see Hatton et al. 2014 for the full list of references;
Bori-Satpura Tiger Reserve India;Bori-Satpura;Asia;22.50767;78.27273;1323.822129;1297.321429;1998;0;0;NA;NA;Hatton et al. 2014;Please see Hatton et al. 2014 for the full list of references;
Bori-Satpura Tiger Reserve India;Bori-Satpura;Asia;22.50767;78.27273;1478.60084;1441.767507;2002;0;0;NA;NA;Hatton et al. 2014;Please see Hatton et al. 2014 for the full list of references;
Bouba Njida National Park;Bouba;Asia;8.63;14.6;2700;NA;;NA;NA;0;NA;Rodriguez et al. 2014;Van_Lavieren_and_Esser_(1979);Not included in Hatton
Buxa Tiger Reserve India;Buxa;Asia;26.63497;89.54391;2168.406504;1795.853659;1995;1;0;NA;NA;Hatton et al. 2014;Please see Hatton et al. 2014 for the full list of references;Not included in Hatton
Royal Chitawan National Park;Chitawan;Asia;27.43;84.62;29866;NA;;NA;NA;28076;NA;Rodriguez et al. 2014;Eisenberg_and_Seidensticker_(1976);NB: Mostly livestock grazing, wild animals are only 1790 kg/km2.
Corbett Tiger Reserve India;Corbett;Asia;29.5333;78.93506;3783.494466;3632.783927;1993;1;0;NA;NA;Hatton et al. 2014;Please see Hatton et al. 2014 for the full list of references;
Corbett Tiger Reserve India;Corbett;Asia;29.5333;78.93506;3800.385974;3649.460197;1995;1;0;NA;NA;Hatton et al. 2014;Please see Hatton et al. 2014 for the full list of references;
Corbett Tiger Reserve India;Corbett;Asia;29.5333;78.93506;4442.465049;4290.718726;1997;1;0;NA;NA;Hatton et al. 2014;Please see Hatton et al. 2014 for the full list of references;
Gal Oya National Park;Gal;Asia;7.2406057;81.4857928;886;NA;;NA;NA;0;NA;Rodriguez et al. 2014;Eisenberg_and_Seidensticker_(1976);Not included in Hatton
Gir Wildlife Sanctuary East;Gir;Asia;21.077148;70.941369;10717;NA;;NA;NA;8815;NA;Rodriguez et al. 2014;Khan_et_al._(1996);Not included in Hatton. GPS coordinate uddated
Gir Wildlife Sanctuary West;Gir;Asia;21.106785;70.752103;6380;NA;;NA;NA;4018;NA;Rodriguez et al. 2014;Khan_et_al._(1996);Not included in Hatton. GPS coordinate uddated
Huai Kha Khaeng Wildlife Sanctuary;Huai;Asia;15.46;99.29;1451;NA;;NA;NA;0;NA;Rodriguez et al. 2014;Srikosamatara_(1993);Not included in Hatton
Jaldapara Wildlife Sanctuary;Jaldapara;Asia;26.7;89.31;984;NA;;NA;NA;0;NA;Rodriguez et al. 2014;Eisenberg_and_Seidensticker_(1976);Not included in Hatton
Jigme Singye Wangchuck National Park;Jigme;Asia;27.24;90.41;994;NA;;NA;NA;615;NA;Rodriguez et al. 2014;Wang_(2010);Not included in Hatton
Kalakad Mundanthurai Tiger Reserve India;Kalakadu-Mundanthurai;Asia;8.6826863;77.3189004;1537.685475;1536.008939;1997;0;0;NA;NA;Hatton et al. 2014;Please see Hatton et al. 2014 for the full list of references;Not included in Hatton
Kalakadu-Mundanthurai Tiger Reserve;Kalakadu-Mundanthurai;Asia;8.6855242;77.3190138;2614;NA;;NA;NA;0;NA;Rodriguez et al. 2014;Ramesh_et_al._(2012);Not included in Hatton
Kanha National Park;Kanha;Asia;22.29;80.62;6386;NA;;NA;NA;4678;NA;Rodriguez et al. 2014;Eisenberg_and_Seidensticker_(1976);Not included in Hatton
Kanha National Park India;Kanha;Asia;22.29183;80.56019;3745.534894;3696.215957;1994;0;0;NA;NA;Hatton et al. 2014;Please see Hatton et al. 2014 for the full list of references;
Kanha National Park India;Kanha;Asia;22.29183;80.56019;3451.951809;3388.143617;1995;0;0;NA;NA;Hatton et al. 2014;Please see Hatton et al. 2014 for the full list of references;
Kanha National Park India;Kanha;Asia;22.29183;80.56019;2720.517234;2664.180851;1996;0;0;NA;NA;Hatton et al. 2014;Please see Hatton et al. 2014 for the full list of references;
Kanha National Park India;Kanha;Asia;22.29183;80.56019;3308.497447;3249.301064;1997;0;0;NA;NA;Hatton et al. 2014;Please see Hatton et al. 2014 for the full list of references;
Kanha National Park India;Kanha;Asia;22.29183;80.56019;3433.242553;3372.876596;1998;0;0;NA;NA;Hatton et al. 2014;Please see Hatton et al. 2014 for the full list of references;
Karnali-Bardia Wildlife reserve;Karnali-Bardia;Asia;28.5;81.26;2981;NA;;NA;NA;0;NA;Rodriguez et al. 2014;Dinerstein,_1979,_Dinerstein,_1980;Not included in Hatton
Katka-Kochitkali;Katka-Kochitkali;Asia;21.89;89.76;3128;NA;;NA;NA;0;NA;Rodriguez et al. 2014;Reza_et_al._(2002);Not included in Hatton
Kaziranga National Park;Kaziranga;Asia;26.65;93.38;2858;NA;;NA;NA;0;NA;Rodriguez et al. 2014;Eisenberg_and_Seidensticker_(1976);Not included in Hatton
Melghat Tiger Reserve India;Melghat Tiger Reserve India;Asia;21.44758;77.17286;2020.026893;1987.252832;1993;0;0;NA;NA;Hatton et al. 2014;Please see Hatton et al. 2014 for the full list of references;
Melghat Tiger Reserve India;Melghat Tiger Reserve India;Asia;21.44758;77.17286;1550.629517;1523.948122;1995;0;0;NA;NA;Hatton et al. 2014;Please see Hatton et al. 2014 for the full list of references;
Melghat Tiger Reserve India;Melghat Tiger Reserve India;Asia;21.44758;77.17286;1213.821467;1175.958855;1996;0;0;NA;NA;Hatton et al. 2014;Please see Hatton et al. 2014 for the full list of references;
Melghat Tiger Reserve India;Melghat Tiger Reserve India;Asia;21.44758;77.17286;1221.765772;1180.08229;1997;0;0;NA;NA;Hatton et al. 2014;Please see Hatton et al. 2014 for the full list of references;
Nagarahole;Nagarahole;Asia;12.02;76.15;15094;NA;;NA;NA;350;NA;Rodriguez et al. 2014;"Karanth_and_Nichols_(1998);_Varma_(2007)";Not included in Hatton (well, yes, but not for the biomass estimates)
Nagarahole National Park India;Nagarahole;Asia;12.03626;76.14268;9993.78196;9992.155521;2002;1;0;NA;NA;Hatton et al. 2014;Please see Hatton et al. 2014 for the full list of references;
Nagarjunasagar-Srisailam Sanctuary India;Nagarjunasagar-Srisailam;Asia;16.1896743;78.7306334;365.8912556;365.8912556;1989;0;0;NA;NA;Hatton et al. 2014;Please see Hatton et al. 2014 for the full list of references;
Palamau Tiger Reserve India;Palamau Tiger Reserve India;Asia;23.6960695;84.2506198;3066.33501;2366.616371;1996;1;0;NA;NA;Hatton et al. 2014;Please see Hatton et al. 2014 for the full list of references;
Palamau Tiger Reserve India;Palamau Tiger Reserve India;Asia;23.6979758;84.250624;3157.021598;2642.489152;1993;1;0;NA;NA;Hatton et al. 2014;Please see Hatton et al. 2014 for the full list of references;
Palamau Tiger Reserve India;Palamau Tiger Reserve India;Asia;23.6979727;84.2492557;2957.211637;2735.475345;1994;1;0;NA;NA;Hatton et al. 2014;Please see Hatton et al. 2014 for the full list of references;
Palamau Tiger Reserve India;Palamau Tiger Reserve India;Asia;23.6954475;84.2506184;2811.479882;2447.883629;1995;1;0;NA;NA;Hatton et al. 2014;Please see Hatton et al. 2014 for the full list of references;
Panna National Park India;Panna National Park India;Asia;24.55;79.9807907;598.4428044;598.4428044;1993;0;0;NA;NA;Hatton et al. 2014;Please see Hatton et al. 2014 for the full list of references;GPS coordinate moved slightly to the south to aviod an area with NPP NA at the 1 km scale. 
Panna National Park India;Panna National Park India;Asia;24.55;79.9821669;820.7140221;820.7140221;1995;0;0;NA;NA;Hatton et al. 2014;Please see Hatton et al. 2014 for the full list of references;GPS coordinate moved slightly to the south to aviod an area with NPP NA at the 1 km scale. 
Panna National Park India;Panna National Park India;Asia;24.55;79.982164;932.1937269;932.1937269;1996;0;0;NA;NA;Hatton et al. 2014;Please see Hatton et al. 2014 for the full list of references;GPS coordinate moved slightly to the south to aviod an area with NPP NA at the 1 km scale. 
Panna National Park India;Panna National Park India;Asia;24.55;79.9807847;1073.904059;1073.904059;1997;0;0;NA;NA;Hatton et al. 2014;Please see Hatton et al. 2014 for the full list of references;GPS coordinate moved slightly to the south to aviod an area with NPP NA at the 1 km scale. 
Panna National Park India;Panna National Park India;Asia;24.55;79.9807757;1190.086716;1144.97417;1998;0;0;NA;NA;Hatton et al. 2014;Please see Hatton et al. 2014 for the full list of references;GPS coordinate moved slightly to the south to aviod an area with NPP NA at the 1 km scale. 
Pench National Park;Pench;Asia;21.75;79.27;6013;NA;;NA;NA;0;NA;Rodriguez et al. 2014;Biswas_and_Sankar_(2002);Not included in Hatton
Pench Tiger Reserve (MP) India;Pench;Asia;21.755533;79.3099549;540.6778364;1641.155642;1993;0;0;NA;NA;Hatton et al. 2014;Please see Hatton et al. 2014 for the full list of references;
Pench Tiger Reserve (MP) India;Pench;Asia;21.7568144;79.3127002;1075.657256;1894.237354;1994;0;0;NA;NA;Hatton et al. 2014;Please see Hatton et al. 2014 for the full list of references;
Pench Tiger Reserve (MP) India;Pench;Asia;21.7580872;79.3085763;1346.840897;1834.470817;1996;0;0;NA;NA;Hatton et al. 2014;Please see Hatton et al. 2014 for the full list of references;
Pench Tiger Reserve (MP) India;Pench;Asia;21.7593625;79.3099549;1469.168602;1938.618677;1997;0;0;NA;NA;Hatton et al. 2014;Please see Hatton et al. 2014 for the full list of references;
Pench Tiger Reserve (MP) India;Pench;Asia;21.7580822;79.3099523;1903.896042;1814.058366;1998;0;0;NA;NA;Hatton et al. 2014;Please see Hatton et al. 2014 for the full list of references;
Pench Tiger Reserve (MP) India;Pench;Asia;21.7542541;79.3113295;1578.246174;534.4802111;1990;0;0;NA;NA;Hatton et al. 2014;Please see Hatton et al. 2014 for the full list of references;
Pench Tiger Reserve (MP) India;Pench;Asia;21.7568107;79.3113309;1667.688654;1068.71504;1991;0;0;NA;NA;Hatton et al. 2014;Please see Hatton et al. 2014 for the full list of references;
Pench Tiger Reserve (MP) India;Pench;Asia;21.7580897;79.3113229;2012.672032;1338.759894;1992;0;0;NA;NA;Hatton et al. 2014;Please see Hatton et al. 2014 for the full list of references;
Pench Tiger Reserve (MR) India;Pench;Asia;21.7545733;79.314138;1691.789105;1458.48153;1993;0;0;NA;NA;Hatton et al. 2014;Please see Hatton et al. 2014 for the full list of references;
Pench Tiger Reserve (MR) India;Pench;Asia;21.7571272;79.3086395;1923.808949;1892.683377;1994;0;0;NA;NA;Hatton et al. 2014;Please see Hatton et al. 2014 for the full list of references;
Pench Tiger Reserve (MR) India;Pench;Asia;21.7571238;79.3086413;1862.280156;1572.092348;1995;0;0;NA;NA;Hatton et al. 2014;Please see Hatton et al. 2014 for the full list of references;
Pench Tiger Reserve (MR) India;Pench;Asia;21.7571305;79.307268;1964.674319;1661.556728;1996;0;0;NA;NA;Hatton et al. 2014;Please see Hatton et al. 2014 for the full list of references;
Pench Tiger Reserve (MR) India;Pench;Asia;21.7596725;79.3086449;1843.480156;2005.35752;1997;0;0;NA;NA;Hatton et al. 2014;Please see Hatton et al. 2014 for the full list of references;
Periyar Tiger Reserve India;Periyar;Asia;9.48573;77.21001;2012.672032;3017.791506;1978;1;0;NA;NA;Hatton et al. 2014;Please see Hatton et al. 2014 for the full list of references;
Periyar Tiger Reserve India;Periyar;Asia;9.48573;77.21001;3017.791506;5317.091377;1987;1;0;NA;NA;Hatton et al. 2014;Please see Hatton et al. 2014 for the full list of references;
Periyar Tiger Reserve India;Periyar;Asia;9.48573;77.21001;5321.274131;5843.011583;1988;1;0;NA;NA;Hatton et al. 2014;Please see Hatton et al. 2014 for the full list of references;
Periyar Tiger Reserve India;Periyar;Asia;9.48573;77.21001;5852.028314;5720.926641;1989;1;0;NA;NA;Hatton et al. 2014;Please see Hatton et al. 2014 for the full list of references;
Phen Wildlife Sanctuary India;Phen;Asia;22.3;81.1;960.7227273;930.7727273;1994;0;0;NA;NA;Hatton et al. 2014;Please see Hatton et al. 2014 for the full list of references;
Phen Wildlife Sanctuary India;Phen;Asia;22.3;81.1;1021.045455;989.9272727;1995;0;0;NA;NA;Hatton et al. 2014;Please see Hatton et al. 2014 for the full list of references;
Phen Wildlife Sanctuary India;Phen;Asia;22.3;81.1;897.9672727;846.1363636;1996;0;0;NA;NA;Hatton et al. 2014;Please see Hatton et al. 2014 for the full list of references;
Phen Wildlife Sanctuary India;Phen;Asia;22.3;81.1;931.3036364;879.4727273;1997;0;0;NA;NA;Hatton et al. 2014;Please see Hatton et al. 2014 for the full list of references;
Phen Wildlife Sanctuary India;Phen;Asia;22.3;81.1;956.4509091;904.3181818;1998;0;0;NA;NA;Hatton et al. 2014;Please see Hatton et al. 2014 for the full list of references;
Ranthambhore Tiger Reserve;Ranthambhore;Asia;26;76.5;6089;NA;;NA;NA;0;NA;Rodriguez et al. 2014;Bagchi_et_al._(2004);Not included in Hatton
Ranthambhore National Park India;Ranthambhore;Asia;26.00693;76.49153;5728.779279;2080.351145;1990;0;0;NA;NA;Hatton et al. 2014;Please see Hatton et al. 2014 for the full list of references;
Ranthambhore National Park India;Ranthambhore;Asia;26.00693;76.49153;2080.351145;2202.994911;1991;0;0;NA;NA;Hatton et al. 2014;Please see Hatton et al. 2014 for the full list of references;
Ranthambhore National Park India;Ranthambhore;Asia;26.00693;76.49153;2202.994911;3184.279898;1993;0;0;NA;NA;Hatton et al. 2014;Please see Hatton et al. 2014 for the full list of references;
Ranthambhore National Park India;Ranthambhore;Asia;26.00693;76.49153;3184.279898;3864.544529;1995;0;0;NA;NA;Hatton et al. 2014;Please see Hatton et al. 2014 for the full list of references;
Ranthambhore National Park India;Ranthambhore;Asia;26.00693;76.49153;3864.544529;3261.419847;1997;0;0;NA;NA;Hatton et al. 2014;Please see Hatton et al. 2014 for the full list of references;
Sariska Tiger Reserve India;Sariska;Asia;27.31565;76.43633;3261.419847;2207.84642;1991;0;0;NA;NA;Hatton et al. 2014;Please see Hatton et al. 2014 for the full list of references;
Sariska Tiger Reserve India;Sariska;Asia;27.31565;76.43633;2207.84642;2166.648961;1992;0;0;NA;NA;Hatton et al. 2014;Please see Hatton et al. 2014 for the full list of references;
Sariska Tiger Reserve India;Sariska;Asia;27.31565;76.43633;2166.648961;2166.046189;1993;0;0;NA;NA;Hatton et al. 2014;Please see Hatton et al. 2014 for the full list of references;
Sariska Tiger Reserve India;Sariska;Asia;27.31565;76.43633;2166.046189;2306.583141;1995;0;0;NA;NA;Hatton et al. 2014;Please see Hatton et al. 2014 for the full list of references;
Sariska Tiger Reserve India;Sariska;Asia;27.31565;76.43633;2306.583141;2609.200924;1997;0;0;NA;NA;Hatton et al. 2014;Please see Hatton et al. 2014 for the full list of references;
Similipal Tiger Reserve India;Similipal;Asia;21.79753;86.34299;2609.200924;5155.621302;1997;1;0;NA;NA;Hatton et al. 2014;Please see Hatton et al. 2014 for the full list of references;
Sunderbans Tiger Reserve India;Sunderbans;Asia;21.94418;88.89804;5248.87574;1308.035;1992;0;0;NA;NA;Hatton et al. 2014;Please see Hatton et al. 2014 for the full list of references;
Tadoba-andhari Tiger Reserve India;Tadoba-andhari;Asia;20.24358;79.39893;1501.797813;1275.3248;1994;0;0;NA;NA;Hatton et al. 2014;Please see Hatton et al. 2014 for the full list of references;
Tadoba-andhari Tiger Reserve India;Tadoba-andhari;Asia;20.24358;79.39893;1298.80528;1438.096;1995;0;0;NA;NA;Hatton et al. 2014;Please see Hatton et al. 2014 for the full list of references;
Tadoba-andhari Tiger Reserve India;Tadoba-andhari;Asia;20.24358;79.39893;1473.85504;1586.7568;1996;0;0;NA;NA;Hatton et al. 2014;Please see Hatton et al. 2014 for the full list of references;
Tadoba-andhari Tiger Reserve India;Tadoba-andhari;Asia;20.24358;79.39893;1627.85328;1745.2208;1997;0;0;NA;NA;Hatton et al. 2014;Please see Hatton et al. 2014 for the full list of references;
Taman Negara National Park;Taman;Asia;4.55;102.4;5814;NA;;NA;NA;0;NA;Rodriguez et al. 2014;Kawanishi_and_Sunquist_(2004);Not included in Hatton
Udjung Kulong;Udjung;Asia;-6.75;105.33;494;NA;;NA;NA;0;NA;Rodriguez et al. 2014;Eisenberg_and_Seidensticker_(1976);Not included in Hatton
Wilpattu National Park;Wilpattu;Asia;8.43;80;766;NA;;NA;NA;0;NA;Rodriguez et al. 2014;Eisenberg_and_Seidensticker_(1976);Not included in Hatton
Aggteleki National Park;Aggteleki;Europe;48.52;20.61;190;NA;;NA;NA;0;NA;Rodriguez et al. 2014;Lanszki_et_al._(2012);Not included in Hatton
Bialowieza Primeval Forest;Bialowieza;Europe;52.68;23.86;1051;NA;;NA;NA;293;NA;Rodriguez et al. 2014;Jedrzejewska_et_al._(1997);Not included in Hatton
Blankaholm;Blankaholm;Europe;57.59;16.41;282;NA;;NA;NA;0;NA;Rodriguez et al. 2014;Truvé_and_Cederlund_(2005);Not included in Hatton
Casentini national Park;Casentini;Europe;43.8;11.82;740;NA;;NA;NA;0;NA;Rodriguez et al. 2014;Mattioli_et_al._(2011);Not included in Hatton
Castelporziano Preserve;Castelporziano;Europe;41.74561;12.401421;2032;NA;;NA;NA;0;NA;Rodriguez et al. 2014;Focardi_et_al._(2002);Not included in Hatton
Doñana NP;Doñana;Europe;37.06;-6.46;1630;NA;;NA;NA;1300;NA;Rodriguez et al. 2014;Fernandez_Llario_(1996)Anonymous_(2005a);Not included in Hatton
Faia Brava Portugal;Faia Brava;Europe;40.92;-7.1;4000;4000;;0;0;NA;NA;Personal communication with Wouter Helmer, RewildingEu;;Not included in Hatton
Forsmark;Forsmark;Europe;60.36;18.1;410;NA;;NA;NA;0;NA;Rodriguez et al. 2014;Truvé_and_Cederlund_(2005);Not included in Hatton
Geldersee Port GroenlandenEtc The Netherlands;Groenlanden;Europe;51.87;5.93;10804.5977;10804.5977;;0;0;NA;NA;Personal communication with Roeland Vermeulen, FreeNature;;Not included in Hatton
Hållnäs;Hållnäs;Europe;60.53;17.89;341;NA;;NA;NA;0;NA;Rodriguez et al. 2014;Truvé_and_Cederlund_(2005);Not included in Hatton
Kostilkovo Bulgaria;Kostilkovo;Europe;41.42;26.06;4812.5;4812.5;;0;0;NA;NA;Personal communication with Wouter Helmer, RewildingEu;;Not included in Hatton
Lika Plains Croatia;Lika Plains;Europe;44.68;15.17;11388.88889;11388.88889;;0;0;NA;NA;Personal communication with Wouter Helmer, RewildingEu;;Not included in Hatton
Geldersee Port Millingerwaard The Netherlands;Millingerwaard;Europe;51.87;6.01;13972.60274;13972.60274;;0;0;NA;NA;Personal communication with Roeland Vermeulen, FreeNature;;Not included in Hatton
Mols laboratory;Mols laboratory;Europe;56.2295;10.5809;16004.17;16004.17;;0;0;NA;NA;Personal communication with Oscar Liset Pryds Hansen, Natural History Museum Aarhus;NA;Not included in Hatton
Oostvaardersplassen The Netherlands;Oostvaardersplassen;Europe;52.457;5.418;11959.09091;11959.09091;NA;NA;0;NA;NA;Frans Vera, http://naturmoedet.dk/wp-content/uploads/2018/06/Frans-Vera-Rewilding.pdf;NA;Not included in Hatton
Sierras de Cazorla y Segura;Sierras de Cazorla y Segura;Europe;38.18;-2.68;965;NA;;NA;NA;0;NA;Rodriguez et al. 2014;Escos_and_Alados_(1988);Not included in Hatton
Simpevarp;Simpevarp;Europe;57.41;16.59;329;NA;;NA;NA;0;NA;Rodriguez et al. 2014;Truvé_and_Cederlund_(2005);Not included in Hatton
Aishihik Yukon;Aishihik;NorthAmerica;61.600204;-137.509432;33;33;1966-74;0;0;NA;NA;Hatton et al. 2014;Messier 1994;
Barro colorado;Barro Colorado;NorthAmerica;9.156237;-79.847772;542;NA;;NA;NA;0;NA;Rodriguez et al. 2014;Robinson_and_Bennett_(2004);Not included in Hatton, GPS position moved to Barro Colorado Island.
Northwest Minnesota;Beltrami Island State Forest;NorthAmerica;48.70975;-95.319833;440;440;1986;0;1;NA;NA;Hatton et al. 2014;Fuller 1989;GPS position moved to Beltrami Island State Forest according to Fritts and Mech 1981
Carmacks Yukon;Carmacks;NorthAmerica;62.1057;-136.268;12;12;1984-85;0;0;NA;NA;Hatton et al. 2014;Messier 1994;
Central Alaska;Central Alaska;NorthAmerica;64.21;-147.104;27;27;1958-64;0;0;NA;NA;Hatton et al. 2014;Messier 1994;
Central Alaska;Central Alaska;NorthAmerica;64.21;-147.104;54;54;1969;0;0;NA;NA;Hatton et al. 2014;Messier 1994;
Central Alaska;Central Alaska;NorthAmerica;64.21;-147.104;57;57;1975-78;0;0;NA;NA;Hatton et al. 2014;Messier 1994;
Central Alaska;Central Alaska;NorthAmerica;64.21;-147.104;57;57;1984-86;0;0;NA;NA;Hatton et al. 2014;Messier 1994;
Central Alaska;Central Alaska;NorthAmerica;64.21;-147.104;57;57;1970-74;0;0;NA;NA;Hatton et al. 2014;Messier 1994;
Chamela Biological Station;Chamela;NorthAmerica;19.5;-105;853;NA;;NA;NA;0;NA;Rodriguez et al. 2014;Mandujano_(2007);Not included in Hatton
Denali National Park;Denali;NorthAmerica;63.34;-151;60;NA;;NA;NA;0;NA;Rodriguez et al. 2014;Meier_(2012);Cannot find origianal reference, but it does not seem to be included in Hatton
East Denali National Park Alaska;Denali;NorthAmerica;63.645;-149.5;66;66;1967-69;0;0;NA;NA;Hatton et al. 2014;Messier 1994;Changed to Denali because the GPS coordinates are very close
East Denali National Park Alaska;Denali;NorthAmerica;63.645;-149.5;81;81;1976-84;0;0;NA;NA;Hatton et al. 2014;Messier 1994;Changed to Denali because the GPS coordinates are very close
Denali Park Alaska;Denali;NorthAmerica;63.6085;-149.8423;97.4;97.4;1969-72;0;0;NA;NA;Hatton et al. 2014;Fuller 1989;
Denali Park Alaska;Denali;NorthAmerica;63.6085;-149.8423;42.04;42.04;1968;0;0;NA;NA;Hatton et al. 2014;Fuller 1989;
Dromedary Mountain Yukon;Dromedary Mountain;NorthAmerica;62.8525;-134.7715;19.2;19.2;1980-86;0;0;NA;NA;Hatton et al. 2014;Messier 1994;
East Alaska;East Alaska;NorthAmerica;62.708;-142.02;27;27;1978-79;0;0;NA;NA;Hatton et al. 2014;Messier 1994;
East Alaska;East Alaska;NorthAmerica;62.708;-142.02;36;36;1975-77;0;0;NA;NA;Hatton et al. 2014;Messier 1994;
East Alaska;East Alaska;NorthAmerica;62.708;-142.02;42;42;1970-71;0;0;NA;NA;Hatton et al. 2014;Messier 1994;
East-central Ontario;East-central Ontario;NorthAmerica;47.1536;-82.0362;454.53;454.53;1946-53;0;0;NA;NA;Hatton et al. 2014;Fuller 1989;
East-central Ontario;East-central Ontario;NorthAmerica;47.1536;-82.0362;263.06;263.06;1979;0;0;NA;NA;Hatton et al. 2014;Fuller 1989;
El Mirador-Rio Azul National Park;El Mirador-Rio Azul;NorthAmerica;17.4;-89.62;518;NA;;NA;NA;0;NA;Rodriguez et al. 2014;Novack_et_al._(2005);Not included in Hatton
Interior Alaska;Interior Alaska;NorthAmerica;63.46288;-150.5826554;68.55;68.55;1975-79;0;0;NA;NA;Hatton et al. 2014;Fuller 1989;
Isle Royale Michigan;Isle Royale;NorthAmerica;48.0424;-88.7549;528.6;528.6;1980-84;0;0;NA;NA;Hatton et al. 2014;Fuller 1989;
Isle Royale Michigan;Isle Royale;NorthAmerica;48.0424;-88.7549;484.8;484.8;1975-78;0;0;NA;NA;Hatton et al. 2014;Fuller 1989;
Isle Royale Michigan;Isle Royale;NorthAmerica;48.0424;-88.7549;300;300;1980-84;0;0;NA;NA;Hatton et al. 2014;Messier 1994;
Isle Royale Michigan;Isle Royale;NorthAmerica;48.0424;-88.7549;333;333;1985-86;0;0;NA;NA;Hatton et al. 2014;Messier 1994;
Isle Royale Michigan;Isle Royale;NorthAmerica;48.0424;-88.7549;360;360;1981;0;0;NA;NA;Hatton et al. 2014;Messier 1994;
Isle Royale Michigan;Isle Royale;NorthAmerica;48.0424;-88.7549;411;411;1982;0;0;NA;NA;Hatton et al. 2014;Messier 1994;
Isle Royale Michigan;Isle Royale;NorthAmerica;48.0424;-88.7549;423;423;1986;0;0;NA;NA;Hatton et al. 2014;Messier 1994;
Isle Royale Michigan;Isle Royale;NorthAmerica;48.0424;-88.7549;519;519;1976;0;0;NA;NA;Hatton et al. 2014;Messier 1994;
Isle Royale Michigan;Isle Royale;NorthAmerica;48.0424;-88.7549;747;747;1986-1987;0;0;NA;NA;Hatton et al. 2014;Messier 1994;
Jasper Park Alberta;Jasper Park;NorthAmerica;52.9411;-117.9231;173.9;173.9;1980;0;0;NA;NA;Hatton et al. 2014;Fuller 1989;
Kenai Peninsula Alaska;Kenai Peninsula;NorthAmerica;60.3049274;-150.5767184;241.17;240;1986;0;1;NA;NA;Hatton et al. 2014;Messier 1994;
Kenai Peninsula Alaska;Kenai Peninsula;NorthAmerica;60.3049274;-150.5767184;240;#REF!;1982;0;1;NA;NA;Hatton et al. 2014;Messier 1994;
Mayo Yukon;Mayo Yukon;NorthAmerica;63.8628637;-135.5834031;42;42;1981;0;0;NA;NA;Hatton et al. 2014;Messier 1994;
Nisutlin Yukon;Nisutlin Yukon;NorthAmerica;60.2775;-132.6212;39;39;1987;0;0;NA;NA;Hatton et al. 2014;Messier 1994;
North-central Canada;North-central Canada;NorthAmerica;60.25;-100.75;495;495;1990;0;0;NA;NA;Hatton et al. 2014;Fuller 1989;
North-central Minnesota;North-central Minnesota;NorthAmerica;47.8898;-94.2293;437.2;437.2;1984;0;0;NA;NA;Hatton et al. 2014;Fuller 1989;
North-central Minnesota;North-central Minnesota;NorthAmerica;47.8898;-94.2293;420;420;1966-1974;0;0;NA;NA;Hatton et al. 2014;Fuller 1989;
Northeast Alberta;Northeast Alberta;NorthAmerica;57.158409;-112.215823;69.03;69.03;1959-1960;0;0;NA;NA;Hatton et al. 2014;Fuller 1989;GPS position moved c. 20 km west away from mining area and still within study area in original reference Fuller and Keith 1980.
Northeast Alberta;Northeast Alberta;NorthAmerica;57.158409;-112.215823;69;69;1976-1980;0;0;NA;NA;Hatton et al. 2014;Messier 1994;GPS position moved c. 20 km west away from mining area and still within study area in original reference Fuller and Keith 1980.
Northeast Minnesota;Northeast Minnesota;NorthAmerica;47.2203;-91.8643;567;567;1961-1965;0;0;NA;NA;Hatton et al. 2014;Fuller 1989;
Northeast Minnesota;Northeast Minnesota;NorthAmerica;47.2203;-91.8643;425;425;1981-1985;0;0;NA;NA;Hatton et al. 2014;Fuller 1989;
Northeast Minnesota;Northeast Minnesota;NorthAmerica;47.2203;-91.8643;207;207;1971-1975;0;0;NA;NA;Hatton et al. 2014;Fuller 1989;
Northeast Minnesota;Northeast Minnesota;NorthAmerica;47.2203;-91.8643;357.79;357.79;1966-1970;0;0;NA;NA;Hatton et al. 2014;Fuller 1989;
Northern Alberta;Northern Alberta;NorthAmerica;59.373346;-113.053244;64.26;64.26;1986-1990;0;0;NA;NA;Hatton et al. 2014;Fuller 1989;GPS position moved to Wood Buffalo NP according to Oosenbrug and Carbyn 1982
Northwest Alberta;Northwest Alberta;NorthAmerica;55.082507;-118.18273;390;390;1988;0;0;NA;NA;Hatton et al. 2014;Messier 1994;GPS position moved to Simonette River according to Bjorge and Gunson 1989
Northwest Ontario;Northwest Ontario;NorthAmerica;53.3613;-91.19986;90;90;1975-1978;0;0;NA;NA;Hatton et al. 2014;Messier 1994;
South-central Alaska;South-central Alaska;NorthAmerica;61.9832;-149.96478;99;99;1979-1980;0;0;NA;NA;Hatton et al. 2014;Messier 1994;
South-central Alaska;South-central Alaska;NorthAmerica;61.9832;-149.96478;227.49;227.49;1975-1979;0;1;NA;NA;Hatton et al. 2014;Fuller 1989;
South-central Ontario;South-central Ontario;NorthAmerica;48.8098;-84.331;89.97;89.97;1975;0;0;NA;NA;Hatton et al. 2014;Fuller 1989;
South-central Yukon;South-central Yukon;NorthAmerica;61.37;-133.68;45;45;1980-1984;0;1;NA;NA;Hatton et al. 2014;Messier 1994;
South-central Yukon;South-central Yukon;NorthAmerica;61.37;-133.68;78;78;1980-1984;0;1;NA;NA;Hatton et al. 2014;Messier 1994;
Southern Quebec;Southern Quebec;NorthAmerica;45.7868;-75.11749;300;300;1980-1984;0;0;NA;NA;Hatton et al. 2014;Fuller 1989;
Southwest Manitoba;Southwest Manitoba;NorthAmerica;51.7589;-100.7852;504;504;1984;0;0;NA;NA;Hatton et al. 2014;Fuller 1989;
Southwest Quebec;Southwest Quebec;NorthAmerica;46.8462;-75.6756;90;90;1983;0;0;NA;NA;Hatton et al. 2014;Fuller 1989;
Southwest Quebec;Southwest Quebec;NorthAmerica;46.8462;-75.6756;51;51;1983;0;0;NA;NA;Hatton et al. 2014;Messier 1994;
Southwest Quebec;Southwest Quebec;NorthAmerica;46.8462;-75.6756;69;69;1976-1982;0;0;NA;NA;Hatton et al. 2014;Messier 1994;
Southwest Quebec;Southwest Quebec;NorthAmerica;46.8462;-75.6756;111;111;1976-81;0;0;NA;NA;Hatton et al. 2014;Messier 1994;
Teslin burn Yukon;Teslin burn;NorthAmerica;60.212;-132.7768;126;126;1972-77;0;0;NA;NA;Hatton et al. 2014;Messier 1994;
West-central Yukon;West-central Yukon;NorthAmerica;63.47;-138.274;53.55;53.55;1975-82;0;0;NA;NA;Hatton et al. 2014;Fuller 1989;
Acurizal Ranch;Acurizal;SouthAmerica;-17.8200817;-57.62;4034;NA;;NA;NA;3750;NA;Rodriguez et al. 2014;Schaller_(1983);Not included in Hatton
Cerro Cortado;Cerro Cortado;SouthAmerica;-19.48;-62.35;343;NA;;NA;NA;0;NA;Rodriguez et al. 2014;Robinson_and_Bennett_(2004);Not included in Hatton
Cocha Cashu Biological Station;Cocha Cashu;SouthAmerica;-11.89;-71.41;475;NA;;NA;NA;0;NA;Rodriguez et al. 2014;Janson_and_Emmons_(1990);Not included in Hatton
Guatopo;Guatopo;SouthAmerica;10.12;-66.47;270;NA;;NA;NA;0;NA;Rodriguez et al. 2014;Eisenberg_et_al._(1979);Not included in Hatton
Hato Piñeiro;Hato Piñeiro;SouthAmerica;8.83;-68.13;8222;NA;;NA;NA;7988;NA;Rodriguez et al. 2014;Polisar_et_al._(2003);Not included in Hatton
Itaya Basin;Itaya;SouthAmerica;-4.29;-73.67;110;NA;;NA;NA;0;NA;Rodriguez et al. 2014;Aquino_et_al._(2007);Not included in Hatton
Manu National Park, NE area;Manu;SouthAmerica;-11.91;-71.45;800;NA;;NA;NA;0;NA;Rodriguez et al. 2014;Endo_et_al._(2010);Not included in Hatton
Roraima (Brazilian Amazon);Maraca;SouthAmerica;3.41;-61.71;2396;NA;;NA;NA;0;NA;Rodriguez et al. 2014;Mendes_Pontes_(2004);Not included in Hatton
Tauhayu (Tamshiyacu-Tahuayo Comunal Reserve);Tauhayu;SouthAmerica;-4.35;-73.08;267;NA;;NA;NA;0;NA;Rodriguez et al. 2014;Bodmer_et_al._(1994);Not included in Hatton
Uauaçu Lake;Uauaçu;SouthAmerica;-4.22;-62.42;144;NA;;NA;NA;0;NA;Rodriguez et al. 2014;Haugaasen_and_Peres_(2005);Not included in Hatton
Yavari Miri (Tamshiyacu-Tahuayo Comunal Reserve);Yavari Miri;SouthAmerica;-4.88;-72.64;219;NA;;NA;NA;0;NA;Rodriguez et al. 2014;Bodmer_et_al._(1994);Not included in Hatton
